model,year,state,crossing_years,positive_crossing_years,selected_crossing_years,captured_positive_years,capture
hgb_exposure,All,All,251028,3498,25104,1577,0.4508290451686678
hgb_exposure,2024,All,125445,1743,12545,794,0.4555364314400459
hgb_exposure,2025,All,125583,1755,12559,783,0.4461538461538462
hgb_exposure,All,ALABAMA,5434,142,545,40,0.28169014084507044
hgb_exposure,All,ALASKA,324,1,34,0,0.0
hgb_exposure,All,ARIZONA,1378,36,139,21,0.5833333333333334
hgb_exposure,All,ARKANSAS,4892,80,490,21,0.2625
hgb_exposure,All,CALIFORNIA,10860,288,1087,133,0.4618055555555556
hgb_exposure,All,COLORADO,3490,51,350,22,0.43137254901960786
hgb_exposure,All,CONNECTICUT,705,6,72,4,0.6666666666666666
hgb_exposure,All,DELAWARE,538,8,54,4,0.5
hgb_exposure,All,DISTRICT OF COLUMBIA,2,0,2,0,
hgb_exposure,All,FLORIDA,7333,211,734,110,0.5213270142180095
hgb_exposure,All,GEORGIA,10060,157,1007,67,0.4267515923566879
hgb_exposure,All,HAWAII,26,0,4,0,
hgb_exposure,All,IDAHO,2346,43,236,15,0.3488372093023256
hgb_exposure,All,ILLINOIS,15576,191,1558,93,0.4869109947643979
hgb_exposure,All,INDIANA,10906,204,1092,81,0.39705882352941174
hgb_exposure,All,IOWA,8293,75,830,18,0.24
hgb_exposure,All,KANSAS,10067,59,1008,29,0.4915254237288136
hgb_exposure,All,KENTUCKY,4348,66,436,21,0.3181818181818182
hgb_exposure,All,LOUISIANA,5283,113,529,36,0.3185840707964602
hgb_exposure,All,MAINE,1532,11,154,4,0.36363636363636365
hgb_exposure,All,MARYLAND,1330,21,134,7,0.3333333333333333
hgb_exposure,All,MASSACHUSETTS,1541,31,155,16,0.5161290322580645
hgb_exposure,All,MICHIGAN,9331,84,934,18,0.21428571428571427
hgb_exposure,All,MINNESOTA,8168,36,818,13,0.3611111111111111
hgb_exposure,All,MISSISSIPPI,4184,53,420,20,0.37735849056603776
hgb_exposure,All,MISSOURI,6571,56,658,16,0.2857142857142857
hgb_exposure,All,MONTANA,2709,19,272,6,0.3157894736842105
hgb_exposure,All,NEBRASKA,5696,62,571,17,0.27419354838709675
hgb_exposure,All,NEVADA,556,6,56,2,0.3333333333333333
hgb_exposure,All,NEW HAMPSHIRE,680,2,68,1,0.5
hgb_exposure,All,NEW JERSEY,2757,57,276,15,0.2631578947368421
hgb_exposure,All,NEW MEXICO,1442,35,145,13,0.37142857142857144
hgb_exposure,All,NEW YORK,5310,55,532,32,0.5818181818181818
hgb_exposure,All,NORTH CAROLINA,7364,79,738,39,0.4936708860759494
hgb_exposure,All,NORTH DAKOTA,6535,21,654,11,0.5238095238095238
hgb_exposure,All,OHIO,11189,125,1120,51,0.408
hgb_exposure,All,OKLAHOMA,7174,72,718,34,0.4722222222222222
hgb_exposure,All,OREGON,3724,29,374,16,0.5517241379310345
hgb_exposure,All,PENNSYLVANIA,7205,79,721,29,0.3670886075949367
hgb_exposure,All,RHODE ISLAND,95,0,11,0,
hgb_exposure,All,SOUTH CAROLINA,5133,91,514,34,0.37362637362637363
hgb_exposure,All,SOUTH DAKOTA,3749,19,376,6,0.3157894736842105
hgb_exposure,All,TENNESSEE,5372,96,538,36,0.375
hgb_exposure,All,TEXAS,18303,401,1831,157,0.3915211970074813
hgb_exposure,All,UTAH,1519,32,153,11,0.34375
hgb_exposure,All,VERMONT,757,3,76,0,0.0
hgb_exposure,All,VIRGINIA,3644,51,365,22,0.43137254901960786
hgb_exposure,All,WASHINGTON,4297,63,431,23,0.36507936507936506
hgb_exposure,All,WEST VIRGINIA,2672,19,268,14,0.7368421052631579
hgb_exposure,All,WISCONSIN,7914,58,792,18,0.3103448275862069
hgb_exposure,All,WYOMING,714,1,72,0,0.0
hgb_exposure,2024,ALABAMA,2713,66,272,22,0.3333333333333333
hgb_exposure,2024,ALASKA,162,1,17,0,0.0
hgb_exposure,2024,ARIZONA,686,20,69,12,0.6
hgb_exposure,2024,ARKANSAS,2443,41,245,10,0.24390243902439024
hgb_exposure,2024,CALIFORNIA,5426,151,543,69,0.45695364238410596
hgb_exposure,2024,COLORADO,1741,23,175,9,0.391304347826087
hgb_exposure,2024,CONNECTICUT,354,5,36,3,0.6
hgb_exposure,2024,DELAWARE,269,3,27,1,0.3333333333333333
hgb_exposure,2024,DISTRICT OF COLUMBIA,1,0,1,0,
hgb_exposure,2024,FLORIDA,3664,103,367,52,0.5048543689320388
hgb_exposure,2024,GEORGIA,5027,82,503,38,0.4634146341463415
hgb_exposure,2024,HAWAII,13,0,2,0,
hgb_exposure,2024,IDAHO,1174,19,118,5,0.2631578947368421
hgb_exposure,2024,ILLINOIS,7789,80,779,39,0.4875
hgb_exposure,2024,INDIANA,5464,102,547,40,0.39215686274509803
hgb_exposure,2024,IOWA,4128,39,413,10,0.2564102564102564
hgb_exposure,2024,KANSAS,5002,25,501,16,0.64
hgb_exposure,2024,KENTUCKY,2167,33,217,10,0.30303030303030304
hgb_exposure,2024,LOUISIANA,2656,59,266,16,0.2711864406779661
hgb_exposure,2024,MAINE,767,4,77,1,0.25
hgb_exposure,2024,MARYLAND,664,6,67,1,0.16666666666666666
hgb_exposure,2024,MASSACHUSETTS,736,12,74,7,0.5833333333333334
hgb_exposure,2024,MICHIGAN,4668,46,467,12,0.2608695652173913
hgb_exposure,2024,MINNESOTA,4003,17,401,7,0.4117647058823529
hgb_exposure,2024,MISSISSIPPI,2132,27,214,8,0.2962962962962963
hgb_exposure,2024,MISSOURI,3289,27,329,7,0.25925925925925924
hgb_exposure,2024,MONTANA,1374,11,138,2,0.18181818181818182
hgb_exposure,2024,NEBRASKA,2835,32,284,6,0.1875
hgb_exposure,2024,NEVADA,280,3,28,1,0.3333333333333333
hgb_exposure,2024,NEW HAMPSHIRE,340,0,34,0,
hgb_exposure,2024,NEW JERSEY,1377,26,138,6,0.23076923076923078
hgb_exposure,2024,NEW MEXICO,719,20,72,9,0.45
hgb_exposure,2024,NEW YORK,2653,26,266,16,0.6153846153846154
hgb_exposure,2024,NORTH CAROLINA,3693,39,370,19,0.48717948717948717
hgb_exposure,2024,NORTH DAKOTA,3265,9,327,7,0.7777777777777778
hgb_exposure,2024,OHIO,5605,67,561,28,0.417910447761194
hgb_exposure,2024,OKLAHOMA,3588,26,359,16,0.6153846153846154
hgb_exposure,2024,OREGON,1853,17,186,9,0.5294117647058824
hgb_exposure,2024,PENNSYLVANIA,3610,42,361,18,0.42857142857142855
hgb_exposure,2024,RHODE ISLAND,63,0,7,0,
hgb_exposure,2024,SOUTH CAROLINA,2565,51,257,18,0.35294117647058826
hgb_exposure,2024,SOUTH DAKOTA,1873,10,188,5,0.5
hgb_exposure,2024,TENNESSEE,2688,53,269,20,0.37735849056603776
hgb_exposure,2024,TEXAS,9150,207,915,86,0.41545893719806765
hgb_exposure,2024,UTAH,761,13,77,4,0.3076923076923077
hgb_exposure,2024,VERMONT,379,0,38,0,
hgb_exposure,2024,VIRGINIA,1817,28,182,13,0.4642857142857143
hgb_exposure,2024,WASHINGTON,2141,32,215,11,0.34375
hgb_exposure,2024,WEST VIRGINIA,1336,10,134,9,0.9
hgb_exposure,2024,WISCONSIN,3956,30,396,11,0.36666666666666664
hgb_exposure,2024,WYOMING,386,0,39,0,
hgb_exposure,2025,ALABAMA,2721,76,273,18,0.23684210526315788
hgb_exposure,2025,ALASKA,162,0,17,0,
hgb_exposure,2025,ARIZONA,692,16,70,9,0.5625
hgb_exposure,2025,ARKANSAS,2449,39,245,11,0.28205128205128205
hgb_exposure,2025,CALIFORNIA,5434,137,544,64,0.46715328467153283
hgb_exposure,2025,COLORADO,1749,28,175,13,0.4642857142857143
hgb_exposure,2025,CONNECTICUT,351,1,36,1,1.0
hgb_exposure,2025,DELAWARE,269,5,27,3,0.6
hgb_exposure,2025,DISTRICT OF COLUMBIA,1,0,1,0,
hgb_exposure,2025,FLORIDA,3669,108,367,58,0.5370370370370371
hgb_exposure,2025,GEORGIA,5033,75,504,29,0.38666666666666666
hgb_exposure,2025,HAWAII,13,0,2,0,
hgb_exposure,2025,IDAHO,1172,24,118,10,0.4166666666666667
hgb_exposure,2025,ILLINOIS,7787,111,779,54,0.4864864864864865
hgb_exposure,2025,INDIANA,5442,102,545,41,0.4019607843137255
hgb_exposure,2025,IOWA,4165,36,417,8,0.2222222222222222
hgb_exposure,2025,KANSAS,5065,34,507,13,0.38235294117647056
hgb_exposure,2025,KENTUCKY,2181,33,219,11,0.3333333333333333
hgb_exposure,2025,LOUISIANA,2627,54,263,20,0.37037037037037035
hgb_exposure,2025,MAINE,765,7,77,3,0.42857142857142855
hgb_exposure,2025,MARYLAND,666,15,67,6,0.4
hgb_exposure,2025,MASSACHUSETTS,805,19,81,9,0.47368421052631576
hgb_exposure,2025,MICHIGAN,4663,38,467,6,0.15789473684210525
hgb_exposure,2025,MINNESOTA,4165,19,417,6,0.3157894736842105
hgb_exposure,2025,MISSISSIPPI,2052,26,206,12,0.46153846153846156
hgb_exposure,2025,MISSOURI,3282,29,329,9,0.3103448275862069
hgb_exposure,2025,MONTANA,1335,8,134,4,0.5
hgb_exposure,2025,NEBRASKA,2861,30,287,11,0.36666666666666664
hgb_exposure,2025,NEVADA,276,3,28,1,0.3333333333333333
hgb_exposure,2025,NEW HAMPSHIRE,340,2,34,1,0.5
hgb_exposure,2025,NEW JERSEY,1380,31,138,9,0.2903225806451613
hgb_exposure,2025,NEW MEXICO,723,15,73,4,0.26666666666666666
hgb_exposure,2025,NEW YORK,2657,29,266,16,0.5517241379310345
hgb_exposure,2025,NORTH CAROLINA,3671,40,368,20,0.5
hgb_exposure,2025,NORTH DAKOTA,3270,12,327,4,0.3333333333333333
hgb_exposure,2025,OHIO,5584,58,559,23,0.39655172413793105
hgb_exposure,2025,OKLAHOMA,3586,46,359,18,0.391304347826087
hgb_exposure,2025,OREGON,1871,12,188,7,0.5833333333333334
hgb_exposure,2025,PENNSYLVANIA,3595,37,360,11,0.2972972972972973
hgb_exposure,2025,RHODE ISLAND,32,0,4,0,
hgb_exposure,2025,SOUTH CAROLINA,2568,40,257,16,0.4
hgb_exposure,2025,SOUTH DAKOTA,1876,9,188,1,0.1111111111111111
hgb_exposure,2025,TENNESSEE,2684,43,269,16,0.37209302325581395
hgb_exposure,2025,TEXAS,9153,194,916,71,0.36597938144329895
hgb_exposure,2025,UTAH,758,19,76,7,0.3684210526315789
hgb_exposure,2025,VERMONT,378,3,38,0,0.0
hgb_exposure,2025,VIRGINIA,1827,23,183,9,0.391304347826087
hgb_exposure,2025,WASHINGTON,2156,31,216,12,0.3870967741935484
hgb_exposure,2025,WEST VIRGINIA,1336,9,134,5,0.5555555555555556
hgb_exposure,2025,WISCONSIN,3958,28,396,7,0.25
hgb_exposure,2025,WYOMING,328,1,33,0,0.0
hgb_history,All,All,251028,3498,25104,1706,0.48770726129216696
hgb_history,2024,All,125445,1743,12545,852,0.48881239242685026
hgb_history,2025,All,125583,1755,12559,854,0.4866096866096866
hgb_history,All,ALABAMA,5434,142,545,56,0.39436619718309857
hgb_history,All,ALASKA,324,1,34,0,0.0
hgb_history,All,ARIZONA,1378,36,139,20,0.5555555555555556
hgb_history,All,ARKANSAS,4892,80,490,17,0.2125
hgb_history,All,CALIFORNIA,10860,288,1087,141,0.4895833333333333
hgb_history,All,COLORADO,3490,51,350,28,0.5490196078431373
hgb_history,All,CONNECTICUT,705,6,72,4,0.6666666666666666
hgb_history,All,DELAWARE,538,8,54,4,0.5
hgb_history,All,DISTRICT OF COLUMBIA,2,0,2,0,
hgb_history,All,FLORIDA,7333,211,734,121,0.5734597156398105
hgb_history,All,GEORGIA,10060,157,1007,78,0.4968152866242038
hgb_history,All,HAWAII,26,0,4,0,
hgb_history,All,IDAHO,2346,43,236,18,0.4186046511627907
hgb_history,All,ILLINOIS,15576,191,1558,97,0.5078534031413613
hgb_history,All,INDIANA,10906,204,1092,92,0.45098039215686275
hgb_history,All,IOWA,8293,75,830,15,0.2
hgb_history,All,KANSAS,10067,59,1008,29,0.4915254237288136
hgb_history,All,KENTUCKY,4348,66,436,28,0.42424242424242425
hgb_history,All,LOUISIANA,5283,113,529,39,0.34513274336283184
hgb_history,All,MAINE,1532,11,154,4,0.36363636363636365
hgb_history,All,MARYLAND,1330,21,134,9,0.42857142857142855
hgb_history,All,MASSACHUSETTS,1541,31,155,19,0.6129032258064516
hgb_history,All,MICHIGAN,9331,84,934,23,0.27380952380952384
hgb_history,All,MINNESOTA,8168,36,818,11,0.3055555555555556
hgb_history,All,MISSISSIPPI,4184,53,420,22,0.41509433962264153
hgb_history,All,MISSOURI,6571,56,658,19,0.3392857142857143
hgb_history,All,MONTANA,2709,19,272,7,0.3684210526315789
hgb_history,All,NEBRASKA,5696,62,571,22,0.3548387096774194
hgb_history,All,NEVADA,556,6,56,1,0.16666666666666666
hgb_history,All,NEW HAMPSHIRE,680,2,68,1,0.5
hgb_history,All,NEW JERSEY,2757,57,276,24,0.42105263157894735
hgb_history,All,NEW MEXICO,1442,35,145,12,0.34285714285714286
hgb_history,All,NEW YORK,5310,55,532,32,0.5818181818181818
hgb_history,All,NORTH CAROLINA,7364,79,738,41,0.5189873417721519
hgb_history,All,NORTH DAKOTA,6535,21,654,8,0.38095238095238093
hgb_history,All,OHIO,11189,125,1120,59,0.472
hgb_history,All,OKLAHOMA,7174,72,718,35,0.4861111111111111
hgb_history,All,OREGON,3724,29,374,17,0.5862068965517241
hgb_history,All,PENNSYLVANIA,7205,79,721,36,0.45569620253164556
hgb_history,All,RHODE ISLAND,95,0,11,0,
hgb_history,All,SOUTH CAROLINA,5133,91,514,34,0.37362637362637363
hgb_history,All,SOUTH DAKOTA,3749,19,376,6,0.3157894736842105
hgb_history,All,TENNESSEE,5372,96,538,40,0.4166666666666667
hgb_history,All,TEXAS,18303,401,1831,176,0.4389027431421446
hgb_history,All,UTAH,1519,32,153,16,0.5
hgb_history,All,VERMONT,757,3,76,0,0.0
hgb_history,All,VIRGINIA,3644,51,365,24,0.47058823529411764
hgb_history,All,WASHINGTON,4297,63,431,32,0.5079365079365079
hgb_history,All,WEST VIRGINIA,2672,19,268,14,0.7368421052631579
hgb_history,All,WISCONSIN,7914,58,792,20,0.3448275862068966
hgb_history,All,WYOMING,714,1,72,0,0.0
hgb_history,2024,ALABAMA,2713,66,272,29,0.4393939393939394
hgb_history,2024,ALASKA,162,1,17,0,0.0
hgb_history,2024,ARIZONA,686,20,69,11,0.55
hgb_history,2024,ARKANSAS,2443,41,245,6,0.14634146341463414
hgb_history,2024,CALIFORNIA,5426,151,543,74,0.4900662251655629
hgb_history,2024,COLORADO,1741,23,175,13,0.5652173913043478
hgb_history,2024,CONNECTICUT,354,5,36,3,0.6
hgb_history,2024,DELAWARE,269,3,27,1,0.3333333333333333
hgb_history,2024,DISTRICT OF COLUMBIA,1,0,1,0,
hgb_history,2024,FLORIDA,3664,103,367,61,0.5922330097087378
hgb_history,2024,GEORGIA,5027,82,503,41,0.5
hgb_history,2024,HAWAII,13,0,2,0,
hgb_history,2024,IDAHO,1174,19,118,8,0.42105263157894735
hgb_history,2024,ILLINOIS,7789,80,779,40,0.5
hgb_history,2024,INDIANA,5464,102,547,46,0.45098039215686275
hgb_history,2024,IOWA,4128,39,413,7,0.1794871794871795
hgb_history,2024,KANSAS,5002,25,501,15,0.6
hgb_history,2024,KENTUCKY,2167,33,217,13,0.3939393939393939
hgb_history,2024,LOUISIANA,2656,59,266,18,0.3050847457627119
hgb_history,2024,MAINE,767,4,77,0,0.0
hgb_history,2024,MARYLAND,664,6,67,1,0.16666666666666666
hgb_history,2024,MASSACHUSETTS,736,12,74,9,0.75
hgb_history,2024,MICHIGAN,4668,46,467,14,0.30434782608695654
hgb_history,2024,MINNESOTA,4003,17,401,6,0.35294117647058826
hgb_history,2024,MISSISSIPPI,2132,27,214,6,0.2222222222222222
hgb_history,2024,MISSOURI,3289,27,329,9,0.3333333333333333
hgb_history,2024,MONTANA,1374,11,138,4,0.36363636363636365
hgb_history,2024,NEBRASKA,2835,32,284,7,0.21875
hgb_history,2024,NEVADA,280,3,28,0,0.0
hgb_history,2024,NEW HAMPSHIRE,340,0,34,0,
hgb_history,2024,NEW JERSEY,1377,26,138,8,0.3076923076923077
hgb_history,2024,NEW MEXICO,719,20,72,9,0.45
hgb_history,2024,NEW YORK,2653,26,266,16,0.6153846153846154
hgb_history,2024,NORTH CAROLINA,3693,39,370,20,0.5128205128205128
hgb_history,2024,NORTH DAKOTA,3265,9,327,5,0.5555555555555556
hgb_history,2024,OHIO,5605,67,561,33,0.4925373134328358
hgb_history,2024,OKLAHOMA,3588,26,359,16,0.6153846153846154
hgb_history,2024,OREGON,1853,17,186,9,0.5294117647058824
hgb_history,2024,PENNSYLVANIA,3610,42,361,20,0.47619047619047616
hgb_history,2024,RHODE ISLAND,63,0,7,0,
hgb_history,2024,SOUTH CAROLINA,2565,51,257,19,0.37254901960784315
hgb_history,2024,SOUTH DAKOTA,1873,10,188,5,0.5
hgb_history,2024,TENNESSEE,2688,53,269,23,0.4339622641509434
hgb_history,2024,TEXAS,9150,207,915,86,0.41545893719806765
hgb_history,2024,UTAH,761,13,77,6,0.46153846153846156
hgb_history,2024,VERMONT,379,0,38,0,
hgb_history,2024,VIRGINIA,1817,28,182,15,0.5357142857142857
hgb_history,2024,WASHINGTON,2141,32,215,13,0.40625
hgb_history,2024,WEST VIRGINIA,1336,10,134,8,0.8
hgb_history,2024,WISCONSIN,3956,30,396,10,0.3333333333333333
hgb_history,2024,WYOMING,386,0,39,0,
hgb_history,2025,ALABAMA,2721,76,273,27,0.35526315789473684
hgb_history,2025,ALASKA,162,0,17,0,
hgb_history,2025,ARIZONA,692,16,70,9,0.5625
hgb_history,2025,ARKANSAS,2449,39,245,11,0.28205128205128205
hgb_history,2025,CALIFORNIA,5434,137,544,67,0.48905109489051096
hgb_history,2025,COLORADO,1749,28,175,15,0.5357142857142857
hgb_history,2025,CONNECTICUT,351,1,36,1,1.0
hgb_history,2025,DELAWARE,269,5,27,3,0.6
hgb_history,2025,DISTRICT OF COLUMBIA,1,0,1,0,
hgb_history,2025,FLORIDA,3669,108,367,60,0.5555555555555556
hgb_history,2025,GEORGIA,5033,75,504,37,0.49333333333333335
hgb_history,2025,HAWAII,13,0,2,0,
hgb_history,2025,IDAHO,1172,24,118,10,0.4166666666666667
hgb_history,2025,ILLINOIS,7787,111,779,57,0.5135135135135135
hgb_history,2025,INDIANA,5442,102,545,46,0.45098039215686275
hgb_history,2025,IOWA,4165,36,417,8,0.2222222222222222
hgb_history,2025,KANSAS,5065,34,507,14,0.4117647058823529
hgb_history,2025,KENTUCKY,2181,33,219,15,0.45454545454545453
hgb_history,2025,LOUISIANA,2627,54,263,21,0.3888888888888889
hgb_history,2025,MAINE,765,7,77,4,0.5714285714285714
hgb_history,2025,MARYLAND,666,15,67,8,0.5333333333333333
hgb_history,2025,MASSACHUSETTS,805,19,81,10,0.5263157894736842
hgb_history,2025,MICHIGAN,4663,38,467,9,0.23684210526315788
hgb_history,2025,MINNESOTA,4165,19,417,5,0.2631578947368421
hgb_history,2025,MISSISSIPPI,2052,26,206,16,0.6153846153846154
hgb_history,2025,MISSOURI,3282,29,329,10,0.3448275862068966
hgb_history,2025,MONTANA,1335,8,134,3,0.375
hgb_history,2025,NEBRASKA,2861,30,287,15,0.5
hgb_history,2025,NEVADA,276,3,28,1,0.3333333333333333
hgb_history,2025,NEW HAMPSHIRE,340,2,34,1,0.5
hgb_history,2025,NEW JERSEY,1380,31,138,16,0.5161290322580645
hgb_history,2025,NEW MEXICO,723,15,73,3,0.2
hgb_history,2025,NEW YORK,2657,29,266,16,0.5517241379310345
hgb_history,2025,NORTH CAROLINA,3671,40,368,21,0.525
hgb_history,2025,NORTH DAKOTA,3270,12,327,3,0.25
hgb_history,2025,OHIO,5584,58,559,26,0.4482758620689655
hgb_history,2025,OKLAHOMA,3586,46,359,19,0.41304347826086957
hgb_history,2025,OREGON,1871,12,188,8,0.6666666666666666
hgb_history,2025,PENNSYLVANIA,3595,37,360,16,0.43243243243243246
hgb_history,2025,RHODE ISLAND,32,0,4,0,
hgb_history,2025,SOUTH CAROLINA,2568,40,257,15,0.375
hgb_history,2025,SOUTH DAKOTA,1876,9,188,1,0.1111111111111111
hgb_history,2025,TENNESSEE,2684,43,269,17,0.3953488372093023
hgb_history,2025,TEXAS,9153,194,916,90,0.4639175257731959
hgb_history,2025,UTAH,758,19,76,10,0.5263157894736842
hgb_history,2025,VERMONT,378,3,38,0,0.0
hgb_history,2025,VIRGINIA,1827,23,183,9,0.391304347826087
hgb_history,2025,WASHINGTON,2156,31,216,19,0.6129032258064516
hgb_history,2025,WEST VIRGINIA,1336,9,134,6,0.6666666666666666
hgb_history,2025,WISCONSIN,3958,28,396,10,0.35714285714285715
hgb_history,2025,WYOMING,328,1,33,0,0.0
